USGS 1 arc-second n49w123 1 x 1 degree,This tile of the 3D Elevation Program (3DEP) seamless products is 1 arc-second resolution. 3DEP data serve as the elevation layer of The National Map and provide basic elevation information for Earth science studies and mapping applications in the United States. Scientists and resource managers use 3DEP data for global change research hydrologic modeling resource monitoring mapping and visualization and many other applications. 3DEP data compose an elevation dataset that consists of seamless layers and a high resolution layer. Each of these layers consists of the best available raster elevation data of the conterminous United States Alaska Hawaii territorial islands Mexico and Canada. 3DEP data are updated continually as new [...],5df04fa6e4b02caea0f4ff1f,ScienceBase,,gda,https://www.sciencebase.gov/catalog/item/5df04fa6e4b02caea0f4ff1f,https://thor-f5.er.usgs.gov/ngtoc/metadata/waf/elevation/1_arc-second/geotiff/WA_Olympic_Peninsula_Lidar_2017_B17/USGS_1_n49w123_20200107.xml,2020-01-07,2021-11-30T23:20:35.811-07:00,2019-12-10T19:08:38.589-07:00,43252094,1 x 1 degree,GeoTIFF,https://prd-tnm.s3.amazonaws.com/StagedProducts/Elevation/1/TIFF/historical/n49w123/USGS_1_n49w123_20200107.tif,,https://prd-tnm.s3.amazonaws.com/StagedProducts/Elevation/1/TIFF/historical/n49w123/USGS_1_n49w123_20200107.jpg,,,,,,This tile of the 3D Elevation Program (3DEP) seamless products is 1 arc-second resolution.  3DEP data serve as the elevation layer of The National Map and provide basic elevation information for Earth science studies and mapping applications in the United States. Scientists and resource managers use 3DEP data for global change research hydrologic modeling resource monitoring mapping and visualization and many other applications. 3DEP data compose an elevation dataset that consists of seamless layers and a high resolution layer.  Each of these layers consists of the best available raster elevation data of the conterminous United States Alaska Hawaii territorial islands Mexico and Canada.  3DEP data are updated continually as new data become available. Seamless 3DEP data are derived from diverse source data that are processed to a common coordinate system and unit of vertical measure. These data are distributed in geographic coordinates in units of decimal degrees and in conformance with the North American Datum of 1983 (NAD 83). All elevation values are in meters and over the conterminous United States are referenced to the North American Vertical Datum of 1988 (NAVD 88). The vertical reference will vary in other areas. Seamless 3DEP data are available nationally (except for Alaska) at resolutions of 1 arc-second (approximately 30 meters) and 1/3 arc-second (approximately 10 meters). In most of Alaska only lower resolution source data are available. As a result most seamless 3DEP data for Alaska are at 2 arc-second (approximately 60 meters) grid spacing. Part of Alaska is available at the 1 and 1/3 arc-second resolutions from interferometric synthetic aperture radar (ifsar) collections starting in 2010.  Plans are in place for collection of statewide ifsar in Alaska. All 3DEP products are public domain.,processingUrl,2021-12-01
USGS 1 arc-second n49w124 1 x 1 degree,This tile of the 3D Elevation Program (3DEP) seamless products is 1 arc-second resolution. 3DEP data serve as the elevation layer of The National Map and provide basic elevation information for Earth science studies and mapping applications in the United States. Scientists and resource managers use 3DEP data for global change research hydrologic modeling resource monitoring mapping and visualization and many other applications. 3DEP data compose an elevation dataset that consists of seamless layers and a high resolution layer. Each of these layers consists of the best available raster elevation data of the conterminous United States Alaska Hawaii territorial islands Mexico and Canada. 3DEP data are updated continually as new [...],5df04fa6e4b02caea0f4ff21,ScienceBase,,gda,https://www.sciencebase.gov/catalog/item/5df04fa6e4b02caea0f4ff21,https://thor-f5.er.usgs.gov/ngtoc/metadata/waf/elevation/1_arc-second/geotiff/WA_Olympic_Peninsula_Lidar_2017_B17/USGS_1_n49w124_20200109.xml,2020-01-09,2021-11-30T23:20:36.690-07:00,2019-12-10T19:08:38.753-07:00,32627445,1 x 1 degree,GeoTIFF,https://prd-tnm.s3.amazonaws.com/StagedProducts/Elevation/1/TIFF/historical/n49w124/USGS_1_n49w124_20200109.tif,,https://prd-tnm.s3.amazonaws.com/StagedProducts/Elevation/1/TIFF/historical/n49w124/USGS_1_n49w124_20200109.jpg,,,,,,This tile of the 3D Elevation Program (3DEP) seamless products is 1 arc-second resolution.  3DEP data serve as the elevation layer of The National Map and provide basic elevation information for Earth science studies and mapping applications in the United States. Scientists and resource managers use 3DEP data for global change research hydrologic modeling resource monitoring mapping and visualization and many other applications. 3DEP data compose an elevation dataset that consists of seamless layers and a high resolution layer.  Each of these layers consists of the best available raster elevation data of the conterminous United States Alaska Hawaii territorial islands Mexico and Canada.  3DEP data are updated continually as new data become available. Seamless 3DEP data are derived from diverse source data that are processed to a common coordinate system and unit of vertical measure. These data are distributed in geographic coordinates in units of decimal degrees and in conformance with the North American Datum of 1983 (NAD 83). All elevation values are in meters and over the conterminous United States are referenced to the North American Vertical Datum of 1988 (NAVD 88). The vertical reference will vary in other areas. Seamless 3DEP data are available nationally (except for Alaska) at resolutions of 1 arc-second (approximately 30 meters) and 1/3 arc-second (approximately 10 meters). In most of Alaska only lower resolution source data are available. As a result most seamless 3DEP data for Alaska are at 2 arc-second (approximately 60 meters) grid spacing. Part of Alaska is available at the 1 and 1/3 arc-second resolutions from interferometric synthetic aperture radar (ifsar) collections starting in 2010.  Plans are in place for collection of statewide ifsar in Alaska. All 3DEP products are public domain.,processingUrl,2021-12-01
USGS 1 arc-second n49w125 1 x 1 degree,This tile of the 3D Elevation Program (3DEP) seamless products is 1 arc-second resolution. 3DEP data serve as the elevation layer of The National Map and provide basic elevation information for Earth science studies and mapping applications in the United States. Scientists and resource managers use 3DEP data for global change research hydrologic modeling resource monitoring mapping and visualization and many other applications. 3DEP data compose an elevation dataset that consists of seamless layers and a high resolution layer. Each of these layers consists of the best available raster elevation data of the conterminous United States Alaska Hawaii territorial islands Mexico and Canada. 3DEP data are updated continually as new [...],5df04fa6e4b02caea0f4ff23,ScienceBase,,gda,https://www.sciencebase.gov/catalog/item/5df04fa6e4b02caea0f4ff23,https://thor-f5.er.usgs.gov/ngtoc/metadata/waf/elevation/1_arc-second/geotiff/WA_Olympic_Peninsula_Lidar_2017_B17/USGS_1_n49w125_20200110.xml,2020-01-09,2021-11-30T23:20:36.112-07:00,2019-12-10T19:08:38.981-07:00,39113764,1 x 1 degree,GeoTIFF,https://prd-tnm.s3.amazonaws.com/StagedProducts/Elevation/1/TIFF/historical/n49w125/USGS_1_n49w125_20200110.tif,,https://prd-tnm.s3.amazonaws.com/StagedProducts/Elevation/1/TIFF/historical/n49w125/USGS_1_n49w125_20200110.jpg,,,,,,This tile of the 3D Elevation Program (3DEP) seamless products is 1 arc-second resolution.  3DEP data serve as the elevation layer of The National Map and provide basic elevation information for Earth science studies and mapping applications in the United States. Scientists and resource managers use 3DEP data for global change research hydrologic modeling resource monitoring mapping and visualization and many other applications. 3DEP data compose an elevation dataset that consists of seamless layers and a high resolution layer.  Each of these layers consists of the best available raster elevation data of the conterminous United States Alaska Hawaii territorial islands Mexico and Canada.  3DEP data are updated continually as new data become available. Seamless 3DEP data are derived from diverse source data that are processed to a common coordinate system and unit of vertical measure. These data are distributed in geographic coordinates in units of decimal degrees and in conformance with the North American Datum of 1983 (NAD 83). All elevation values are in meters and over the conterminous United States are referenced to the North American Vertical Datum of 1988 (NAVD 88). The vertical reference will vary in other areas. Seamless 3DEP data are available nationally (except for Alaska) at resolutions of 1 arc-second (approximately 30 meters) and 1/3 arc-second (approximately 10 meters). In most of Alaska only lower resolution source data are available. As a result most seamless 3DEP data for Alaska are at 2 arc-second (approximately 60 meters) grid spacing. Part of Alaska is available at the 1 and 1/3 arc-second resolutions from interferometric synthetic aperture radar (ifsar) collections starting in 2010.  Plans are in place for collection of statewide ifsar in Alaska. All 3DEP products are public domain.,processingUrl,2021-12-01
USGS 1 arc-second n49w126 1 x 1 degree,This tile of the 3D Elevation Program (3DEP) seamless products is 1 arc-second resolution. 3DEP data serve as the elevation layer of The National Map and provide basic elevation information for Earth science studies and mapping applications in the United States. Scientists and resource managers use 3DEP data for global change research hydrologic modeling resource monitoring mapping and visualization and many other applications. 3DEP data compose an elevation dataset that consists of seamless layers and a high resolution layer. Each of these layers consists of the best available raster elevation data of the conterminous United States Alaska Hawaii territorial islands Mexico and Canada. 3DEP data are updated continually as new [...],5df04fa7e4b02caea0f4ff25,ScienceBase,,gda,https://www.sciencebase.gov/catalog/item/5df04fa7e4b02caea0f4ff25,https://thor-f5.er.usgs.gov/ngtoc/metadata/waf/elevation/1_arc-second/geotiff/undefined/USGS_1_n49w126_20130911.xml,2013-01-01,2021-11-30T23:20:21.715-07:00,2019-12-10T19:08:39.199-07:00,3995,1 x 1 degree,GeoTIFF,https://prd-tnm.s3.amazonaws.com/StagedProducts/Elevation/1/TIFF/historical/n49w126/USGS_1_n49w126_20130911.tif,,https://prd-tnm.s3.amazonaws.com/StagedProducts/Elevation/1/TIFF/historical/n49w126/USGS_1_n49w126_20130911.jpg,,,,,,This tile of the 3D Elevation Program (3DEP) seamless products is 1 arc-second resolution.  3DEP data serve as the elevation layer of The National Map and provide basic elevation information for Earth science studies and mapping applications in the United States. Scientists and resource managers use 3DEP data for global change research hydrologic modeling resource monitoring mapping and visualization and many other applications. 3DEP data compose an elevation dataset that consists of seamless layers and a high resolution layer.  Each of these layers consists of the best available raster elevation data of the conterminous United States Alaska Hawaii territorial islands Mexico and Canada.  3DEP data are updated continually as new data become available. Seamless 3DEP data are derived from diverse source data that are processed to a common coordinate system and unit of vertical measure. These data are distributed in geographic coordinates in units of decimal degrees and in conformance with the North American Datum of 1983 (NAD 83). All elevation values are in meters and over the conterminous United States are referenced to the North American Vertical Datum of 1988 (NAVD 88). The vertical reference will vary in other areas. Seamless 3DEP data are available nationally (except for Alaska) at resolutions of 1 arc-second (approximately 30 meters) and 1/3 arc-second (approximately 10 meters). In most of Alaska only lower resolution source data are available. As a result most seamless 3DEP data for Alaska are at 2 arc-second (approximately 60 meters) grid spacing. Part of Alaska is available at the 1 and 1/3 arc-second resolutions from interferometric synthetic aperture radar (ifsar) collections starting in 2010.  Plans are in place for collection of statewide ifsar in Alaska. All 3DEP products are public domain.,processingUrl,2021-12-01
USGS 1 arc-second n50w124 1 x 1 degree,This tile of the 3D Elevation Program (3DEP) seamless products is 1 arc-second resolution. 3DEP data serve as the elevation layer of The National Map and provide basic elevation information for Earth science studies and mapping applications in the United States. Scientists and resource managers use 3DEP data for global change research hydrologic modeling resource monitoring mapping and visualization and many other applications. 3DEP data compose an elevation dataset that consists of seamless layers and a high resolution layer. Each of these layers consists of the best available raster elevation data of the conterminous United States Alaska Hawaii territorial islands Mexico and Canada. 3DEP data are updated continually as new [...],5df04fb8e4b02caea0f4ffb3,ScienceBase,,gda,https://www.sciencebase.gov/catalog/item/5df04fb8e4b02caea0f4ffb3,https://thor-f5.er.usgs.gov/ngtoc/metadata/waf/elevation/1_arc-second/geotiff/undefined/USGS_1_n50w124_20130911.xml,2013-01-01,2021-11-30T23:11:03.715-07:00,2019-12-10T19:08:56.552-07:00,37933,1 x 1 degree,GeoTIFF,https://prd-tnm.s3.amazonaws.com/StagedProducts/Elevation/1/TIFF/historical/n50w124/USGS_1_n50w124_20130911.tif,,https://prd-tnm.s3.amazonaws.com/StagedProducts/Elevation/1/TIFF/historical/n50w124/USGS_1_n50w124_20130911.jpg,,,,,,This tile of the 3D Elevation Program (3DEP) seamless products is 1 arc-second resolution.  3DEP data serve as the elevation layer of The National Map and provide basic elevation information for Earth science studies and mapping applications in the United States. Scientists and resource managers use 3DEP data for global change research hydrologic modeling resource monitoring mapping and visualization and many other applications. 3DEP data compose an elevation dataset that consists of seamless layers and a high resolution layer.  Each of these layers consists of the best available raster elevation data of the conterminous United States Alaska Hawaii territorial islands Mexico and Canada.  3DEP data are updated continually as new data become available. Seamless 3DEP data are derived from diverse source data that are processed to a common coordinate system and unit of vertical measure. These data are distributed in geographic coordinates in units of decimal degrees and in conformance with the North American Datum of 1983 (NAD 83). All elevation values are in meters and over the conterminous United States are referenced to the North American Vertical Datum of 1988 (NAVD 88). The vertical reference will vary in other areas. Seamless 3DEP data are available nationally (except for Alaska) at resolutions of 1 arc-second (approximately 30 meters) and 1/3 arc-second (approximately 10 meters). In most of Alaska only lower resolution source data are available. As a result most seamless 3DEP data for Alaska are at 2 arc-second (approximately 60 meters) grid spacing. Part of Alaska is available at the 1 and 1/3 arc-second resolutions from interferometric synthetic aperture radar (ifsar) collections starting in 2010.  Plans are in place for collection of statewide ifsar in Alaska. All 3DEP products are public domain.,processingUrl,2021-12-01
USGS 1 arc-second n50w125 1 x 1 degree,This tile of the 3D Elevation Program (3DEP) seamless products is 1 arc-second resolution. 3DEP data serve as the elevation layer of The National Map and provide basic elevation information for Earth science studies and mapping applications in the United States. Scientists and resource managers use 3DEP data for global change research hydrologic modeling resource monitoring mapping and visualization and many other applications. 3DEP data compose an elevation dataset that consists of seamless layers and a high resolution layer. Each of these layers consists of the best available raster elevation data of the conterminous United States Alaska Hawaii territorial islands Mexico and Canada. 3DEP data are updated continually as new [...],5df04fb8e4b02caea0f4ffb5,ScienceBase,,gda,https://www.sciencebase.gov/catalog/item/5df04fb8e4b02caea0f4ffb5,https://thor-f5.er.usgs.gov/ngtoc/metadata/waf/elevation/1_arc-second/geotiff/undefined/USGS_1_n50w125_20130911.xml,2013-01-01,2021-11-30T23:11:40.001-07:00,2019-12-10T19:08:56.683-07:00,35834,1 x 1 degree,GeoTIFF,https://prd-tnm.s3.amazonaws.com/StagedProducts/Elevation/1/TIFF/historical/n50w125/USGS_1_n50w125_20130911.tif,,https://prd-tnm.s3.amazonaws.com/StagedProducts/Elevation/1/TIFF/historical/n50w125/USGS_1_n50w125_20130911.jpg,,,,,,This tile of the 3D Elevation Program (3DEP) seamless products is 1 arc-second resolution.  3DEP data serve as the elevation layer of The National Map and provide basic elevation information for Earth science studies and mapping applications in the United States. Scientists and resource managers use 3DEP data for global change research hydrologic modeling resource monitoring mapping and visualization and many other applications. 3DEP data compose an elevation dataset that consists of seamless layers and a high resolution layer.  Each of these layers consists of the best available raster elevation data of the conterminous United States Alaska Hawaii territorial islands Mexico and Canada.  3DEP data are updated continually as new data become available. Seamless 3DEP data are derived from diverse source data that are processed to a common coordinate system and unit of vertical measure. These data are distributed in geographic coordinates in units of decimal degrees and in conformance with the North American Datum of 1983 (NAD 83). All elevation values are in meters and over the conterminous United States are referenced to the North American Vertical Datum of 1988 (NAVD 88). The vertical reference will vary in other areas. Seamless 3DEP data are available nationally (except for Alaska) at resolutions of 1 arc-second (approximately 30 meters) and 1/3 arc-second (approximately 10 meters). In most of Alaska only lower resolution source data are available. As a result most seamless 3DEP data for Alaska are at 2 arc-second (approximately 60 meters) grid spacing. Part of Alaska is available at the 1 and 1/3 arc-second resolutions from interferometric synthetic aperture radar (ifsar) collections starting in 2010.  Plans are in place for collection of statewide ifsar in Alaska. All 3DEP products are public domain.,processingUrl,2021-12-01
USGS 1 arc-second n50w126 1 x 1 degree,This tile of the 3D Elevation Program (3DEP) seamless products is 1 arc-second resolution. 3DEP data serve as the elevation layer of The National Map and provide basic elevation information for Earth science studies and mapping applications in the United States. Scientists and resource managers use 3DEP data for global change research hydrologic modeling resource monitoring mapping and visualization and many other applications. 3DEP data compose an elevation dataset that consists of seamless layers and a high resolution layer. Each of these layers consists of the best available raster elevation data of the conterminous United States Alaska Hawaii territorial islands Mexico and Canada. 3DEP data are updated continually as new [...],5df04fb8e4b02caea0f4ffb7,ScienceBase,,gda,https://www.sciencebase.gov/catalog/item/5df04fb8e4b02caea0f4ffb7,https://thor-f5.er.usgs.gov/ngtoc/metadata/waf/elevation/1_arc-second/geotiff/undefined/USGS_1_n50w126_20130911.xml,2013-01-01,2021-11-30T23:12:24.904-07:00,2019-12-10T19:08:56.870-07:00,51346,1 x 1 degree,GeoTIFF,https://prd-tnm.s3.amazonaws.com/StagedProducts/Elevation/1/TIFF/historical/n50w126/USGS_1_n50w126_20130911.tif,,https://prd-tnm.s3.amazonaws.com/StagedProducts/Elevation/1/TIFF/historical/n50w126/USGS_1_n50w126_20130911.jpg,,,,,,This tile of the 3D Elevation Program (3DEP) seamless products is 1 arc-second resolution.  3DEP data serve as the elevation layer of The National Map and provide basic elevation information for Earth science studies and mapping applications in the United States. Scientists and resource managers use 3DEP data for global change research hydrologic modeling resource monitoring mapping and visualization and many other applications. 3DEP data compose an elevation dataset that consists of seamless layers and a high resolution layer.  Each of these layers consists of the best available raster elevation data of the conterminous United States Alaska Hawaii territorial islands Mexico and Canada.  3DEP data are updated continually as new data become available. Seamless 3DEP data are derived from diverse source data that are processed to a common coordinate system and unit of vertical measure. These data are distributed in geographic coordinates in units of decimal degrees and in conformance with the North American Datum of 1983 (NAD 83). All elevation values are in meters and over the conterminous United States are referenced to the North American Vertical Datum of 1988 (NAVD 88). The vertical reference will vary in other areas. Seamless 3DEP data are available nationally (except for Alaska) at resolutions of 1 arc-second (approximately 30 meters) and 1/3 arc-second (approximately 10 meters). In most of Alaska only lower resolution source data are available. As a result most seamless 3DEP data for Alaska are at 2 arc-second (approximately 60 meters) grid spacing. Part of Alaska is available at the 1 and 1/3 arc-second resolutions from interferometric synthetic aperture radar (ifsar) collections starting in 2010.  Plans are in place for collection of statewide ifsar in Alaska. All 3DEP products are public domain.,processingUrl,2021-12-01
USGS 1 arc-second n50w127 1 x 1 degree,This tile of the 3D Elevation Program (3DEP) seamless products is 1 arc-second resolution. 3DEP data serve as the elevation layer of The National Map and provide basic elevation information for Earth science studies and mapping applications in the United States. Scientists and resource managers use 3DEP data for global change research hydrologic modeling resource monitoring mapping and visualization and many other applications. 3DEP data compose an elevation dataset that consists of seamless layers and a high resolution layer. Each of these layers consists of the best available raster elevation data of the conterminous United States Alaska Hawaii territorial islands Mexico and Canada. 3DEP data are updated continually as new [...],5df04fb9e4b02caea0f4ffb9,ScienceBase,,gda,https://www.sciencebase.gov/catalog/item/5df04fb9e4b02caea0f4ffb9,https://thor-f5.er.usgs.gov/ngtoc/metadata/waf/elevation/1_arc-second/geotiff/undefined/USGS_1_n50w127_20130911.xml,2013-01-01,2021-11-30T23:12:47.700-07:00,2019-12-10T19:08:57.121-07:00,29727,1 x 1 degree,GeoTIFF,https://prd-tnm.s3.amazonaws.com/StagedProducts/Elevation/1/TIFF/historical/n50w127/USGS_1_n50w127_20130911.tif,,https://prd-tnm.s3.amazonaws.com/StagedProducts/Elevation/1/TIFF/historical/n50w127/USGS_1_n50w127_20130911.jpg,,,,,,This tile of the 3D Elevation Program (3DEP) seamless products is 1 arc-second resolution.  3DEP data serve as the elevation layer of The National Map and provide basic elevation information for Earth science studies and mapping applications in the United States. Scientists and resource managers use 3DEP data for global change research hydrologic modeling resource monitoring mapping and visualization and many other applications. 3DEP data compose an elevation dataset that consists of seamless layers and a high resolution layer.  Each of these layers consists of the best available raster elevation data of the conterminous United States Alaska Hawaii territorial islands Mexico and Canada.  3DEP data are updated continually as new data become available. Seamless 3DEP data are derived from diverse source data that are processed to a common coordinate system and unit of vertical measure. These data are distributed in geographic coordinates in units of decimal degrees and in conformance with the North American Datum of 1983 (NAD 83). All elevation values are in meters and over the conterminous United States are referenced to the North American Vertical Datum of 1988 (NAVD 88). The vertical reference will vary in other areas. Seamless 3DEP data are available nationally (except for Alaska) at resolutions of 1 arc-second (approximately 30 meters) and 1/3 arc-second (approximately 10 meters). In most of Alaska only lower resolution source data are available. As a result most seamless 3DEP data for Alaska are at 2 arc-second (approximately 60 meters) grid spacing. Part of Alaska is available at the 1 and 1/3 arc-second resolutions from interferometric synthetic aperture radar (ifsar) collections starting in 2010.  Plans are in place for collection of statewide ifsar in Alaska. All 3DEP products are public domain.,processingUrl,2021-12-01
USGS 1 arc-second n50w128 1 x 1 degree,This tile of the 3D Elevation Program (3DEP) seamless products is 1 arc-second resolution. 3DEP data serve as the elevation layer of The National Map and provide basic elevation information for Earth science studies and mapping applications in the United States. Scientists and resource managers use 3DEP data for global change research hydrologic modeling resource monitoring mapping and visualization and many other applications. 3DEP data compose an elevation dataset that consists of seamless layers and a high resolution layer. Each of these layers consists of the best available raster elevation data of the conterminous United States Alaska Hawaii territorial islands Mexico and Canada. 3DEP data are updated continually as new [...],5df04fb9e4b02caea0f4ffbb,ScienceBase,,gda,https://www.sciencebase.gov/catalog/item/5df04fb9e4b02caea0f4ffbb,https://thor-f5.er.usgs.gov/ngtoc/metadata/waf/elevation/1_arc-second/geotiff/undefined/USGS_1_n50w128_20130911.xml,2013-01-01,2021-11-30T23:13:00.177-07:00,2019-12-10T19:08:57.296-07:00,2455,1 x 1 degree,GeoTIFF,https://prd-tnm.s3.amazonaws.com/StagedProducts/Elevation/1/TIFF/historical/n50w128/USGS_1_n50w128_20130911.tif,,https://prd-tnm.s3.amazonaws.com/StagedProducts/Elevation/1/TIFF/historical/n50w128/USGS_1_n50w128_20130911.jpg,,,,,,This tile of the 3D Elevation Program (3DEP) seamless products is 1 arc-second resolution.  3DEP data serve as the elevation layer of The National Map and provide basic elevation information for Earth science studies and mapping applications in the United States. Scientists and resource managers use 3DEP data for global change research hydrologic modeling resource monitoring mapping and visualization and many other applications. 3DEP data compose an elevation dataset that consists of seamless layers and a high resolution layer.  Each of these layers consists of the best available raster elevation data of the conterminous United States Alaska Hawaii territorial islands Mexico and Canada.  3DEP data are updated continually as new data become available. Seamless 3DEP data are derived from diverse source data that are processed to a common coordinate system and unit of vertical measure. These data are distributed in geographic coordinates in units of decimal degrees and in conformance with the North American Datum of 1983 (NAD 83). All elevation values are in meters and over the conterminous United States are referenced to the North American Vertical Datum of 1988 (NAVD 88). The vertical reference will vary in other areas. Seamless 3DEP data are available nationally (except for Alaska) at resolutions of 1 arc-second (approximately 30 meters) and 1/3 arc-second (approximately 10 meters). In most of Alaska only lower resolution source data are available. As a result most seamless 3DEP data for Alaska are at 2 arc-second (approximately 60 meters) grid spacing. Part of Alaska is available at the 1 and 1/3 arc-second resolutions from interferometric synthetic aperture radar (ifsar) collections starting in 2010.  Plans are in place for collection of statewide ifsar in Alaska. All 3DEP products are public domain.,processingUrl,2021-12-01
USGS 1 arc-second n51w125 1 x 1 degree,This tile of the 3D Elevation Program (3DEP) seamless products is 1 arc-second resolution. 3DEP data serve as the elevation layer of The National Map and provide basic elevation information for Earth science studies and mapping applications in the United States. Scientists and resource managers use 3DEP data for global change research hydrologic modeling resource monitoring mapping and visualization and many other applications. 3DEP data compose an elevation dataset that consists of seamless layers and a high resolution layer. Each of these layers consists of the best available raster elevation data of the conterminous United States Alaska Hawaii territorial islands Mexico and Canada. 3DEP data are updated continually as new [...],5df04fd1e4b02caea0f50045,ScienceBase,,gda,https://www.sciencebase.gov/catalog/item/5df04fd1e4b02caea0f50045,https://thor-f5.er.usgs.gov/ngtoc/metadata/waf/elevation/1_arc-second/geotiff/undefined/USGS_1_n51w125_20130911.xml,2013-01-01,2021-11-30T23:18:19.329-07:00,2019-12-10T19:09:21.844-07:00,51871,1 x 1 degree,GeoTIFF,https://prd-tnm.s3.amazonaws.com/StagedProducts/Elevation/1/TIFF/historical/n51w125/USGS_1_n51w125_20130911.tif,,https://prd-tnm.s3.amazonaws.com/StagedProducts/Elevation/1/TIFF/historical/n51w125/USGS_1_n51w125_20130911.jpg,,,,,,This tile of the 3D Elevation Program (3DEP) seamless products is 1 arc-second resolution.  3DEP data serve as the elevation layer of The National Map and provide basic elevation information for Earth science studies and mapping applications in the United States. Scientists and resource managers use 3DEP data for global change research hydrologic modeling resource monitoring mapping and visualization and many other applications. 3DEP data compose an elevation dataset that consists of seamless layers and a high resolution layer.  Each of these layers consists of the best available raster elevation data of the conterminous United States Alaska Hawaii territorial islands Mexico and Canada.  3DEP data are updated continually as new data become available. Seamless 3DEP data are derived from diverse source data that are processed to a common coordinate system and unit of vertical measure. These data are distributed in geographic coordinates in units of decimal degrees and in conformance with the North American Datum of 1983 (NAD 83). All elevation values are in meters and over the conterminous United States are referenced to the North American Vertical Datum of 1988 (NAVD 88). The vertical reference will vary in other areas. Seamless 3DEP data are available nationally (except for Alaska) at resolutions of 1 arc-second (approximately 30 meters) and 1/3 arc-second (approximately 10 meters). In most of Alaska only lower resolution source data are available. As a result most seamless 3DEP data for Alaska are at 2 arc-second (approximately 60 meters) grid spacing. Part of Alaska is available at the 1 and 1/3 arc-second resolutions from interferometric synthetic aperture radar (ifsar) collections starting in 2010.  Plans are in place for collection of statewide ifsar in Alaska. All 3DEP products are public domain.,processingUrl,2021-12-01
USGS 1 arc-second n51w126 1 x 1 degree,This tile of the 3D Elevation Program (3DEP) seamless products is 1 arc-second resolution. 3DEP data serve as the elevation layer of The National Map and provide basic elevation information for Earth science studies and mapping applications in the United States. Scientists and resource managers use 3DEP data for global change research hydrologic modeling resource monitoring mapping and visualization and many other applications. 3DEP data compose an elevation dataset that consists of seamless layers and a high resolution layer. Each of these layers consists of the best available raster elevation data of the conterminous United States Alaska Hawaii territorial islands Mexico and Canada. 3DEP data are updated continually as new [...],5df04fd1e4b02caea0f50047,ScienceBase,,gda,https://www.sciencebase.gov/catalog/item/5df04fd1e4b02caea0f50047,https://thor-f5.er.usgs.gov/ngtoc/metadata/waf/elevation/1_arc-second/geotiff/undefined/USGS_1_n51w126_20130911.xml,2013-01-01,2021-11-30T23:18:37.197-07:00,2019-12-10T19:09:21.967-07:00,50759,1 x 1 degree,GeoTIFF,https://prd-tnm.s3.amazonaws.com/StagedProducts/Elevation/1/TIFF/historical/n51w126/USGS_1_n51w126_20130911.tif,,https://prd-tnm.s3.amazonaws.com/StagedProducts/Elevation/1/TIFF/historical/n51w126/USGS_1_n51w126_20130911.jpg,,,,,,This tile of the 3D Elevation Program (3DEP) seamless products is 1 arc-second resolution.  3DEP data serve as the elevation layer of The National Map and provide basic elevation information for Earth science studies and mapping applications in the United States. Scientists and resource managers use 3DEP data for global change research hydrologic modeling resource monitoring mapping and visualization and many other applications. 3DEP data compose an elevation dataset that consists of seamless layers and a high resolution layer.  Each of these layers consists of the best available raster elevation data of the conterminous United States Alaska Hawaii territorial islands Mexico and Canada.  3DEP data are updated continually as new data become available. Seamless 3DEP data are derived from diverse source data that are processed to a common coordinate system and unit of vertical measure. These data are distributed in geographic coordinates in units of decimal degrees and in conformance with the North American Datum of 1983 (NAD 83). All elevation values are in meters and over the conterminous United States are referenced to the North American Vertical Datum of 1988 (NAVD 88). The vertical reference will vary in other areas. Seamless 3DEP data are available nationally (except for Alaska) at resolutions of 1 arc-second (approximately 30 meters) and 1/3 arc-second (approximately 10 meters). In most of Alaska only lower resolution source data are available. As a result most seamless 3DEP data for Alaska are at 2 arc-second (approximately 60 meters) grid spacing. Part of Alaska is available at the 1 and 1/3 arc-second resolutions from interferometric synthetic aperture radar (ifsar) collections starting in 2010.  Plans are in place for collection of statewide ifsar in Alaska. All 3DEP products are public domain.,processingUrl,2021-12-01
USGS 1 arc-second n51w127 1 x 1 degree,This tile of the 3D Elevation Program (3DEP) seamless products is 1 arc-second resolution. 3DEP data serve as the elevation layer of The National Map and provide basic elevation information for Earth science studies and mapping applications in the United States. Scientists and resource managers use 3DEP data for global change research hydrologic modeling resource monitoring mapping and visualization and many other applications. 3DEP data compose an elevation dataset that consists of seamless layers and a high resolution layer. Each of these layers consists of the best available raster elevation data of the conterminous United States Alaska Hawaii territorial islands Mexico and Canada. 3DEP data are updated continually as new [...],5df04fd2e4b02caea0f50049,ScienceBase,,gda,https://www.sciencebase.gov/catalog/item/5df04fd2e4b02caea0f50049,https://thor-f5.er.usgs.gov/ngtoc/metadata/waf/elevation/1_arc-second/geotiff/undefined/USGS_1_n51w127_20130911.xml,2013-01-01,2021-11-30T23:18:52.512-07:00,2019-12-10T19:09:22.159-07:00,48570,1 x 1 degree,GeoTIFF,https://prd-tnm.s3.amazonaws.com/StagedProducts/Elevation/1/TIFF/historical/n51w127/USGS_1_n51w127_20130911.tif,,https://prd-tnm.s3.amazonaws.com/StagedProducts/Elevation/1/TIFF/historical/n51w127/USGS_1_n51w127_20130911.jpg,,,,,,This tile of the 3D Elevation Program (3DEP) seamless products is 1 arc-second resolution.  3DEP data serve as the elevation layer of The National Map and provide basic elevation information for Earth science studies and mapping applications in the United States. Scientists and resource managers use 3DEP data for global change research hydrologic modeling resource monitoring mapping and visualization and many other applications. 3DEP data compose an elevation dataset that consists of seamless layers and a high resolution layer.  Each of these layers consists of the best available raster elevation data of the conterminous United States Alaska Hawaii territorial islands Mexico and Canada.  3DEP data are updated continually as new data become available. Seamless 3DEP data are derived from diverse source data that are processed to a common coordinate system and unit of vertical measure. These data are distributed in geographic coordinates in units of decimal degrees and in conformance with the North American Datum of 1983 (NAD 83). All elevation values are in meters and over the conterminous United States are referenced to the North American Vertical Datum of 1988 (NAVD 88). The vertical reference will vary in other areas. Seamless 3DEP data are available nationally (except for Alaska) at resolutions of 1 arc-second (approximately 30 meters) and 1/3 arc-second (approximately 10 meters). In most of Alaska only lower resolution source data are available. As a result most seamless 3DEP data for Alaska are at 2 arc-second (approximately 60 meters) grid spacing. Part of Alaska is available at the 1 and 1/3 arc-second resolutions from interferometric synthetic aperture radar (ifsar) collections starting in 2010.  Plans are in place for collection of statewide ifsar in Alaska. All 3DEP products are public domain.,processingUrl,2021-12-01
USGS 1 arc-second n51w128 1 x 1 degree,This tile of the 3D Elevation Program (3DEP) seamless products is 1 arc-second resolution. 3DEP data serve as the elevation layer of The National Map and provide basic elevation information for Earth science studies and mapping applications in the United States. Scientists and resource managers use 3DEP data for global change research hydrologic modeling resource monitoring mapping and visualization and many other applications. 3DEP data compose an elevation dataset that consists of seamless layers and a high resolution layer. Each of these layers consists of the best available raster elevation data of the conterminous United States Alaska Hawaii territorial islands Mexico and Canada. 3DEP data are updated continually as new [...],5df04fd2e4b02caea0f5004b,ScienceBase,,gda,https://www.sciencebase.gov/catalog/item/5df04fd2e4b02caea0f5004b,https://thor-f5.er.usgs.gov/ngtoc/metadata/waf/elevation/1_arc-second/geotiff/undefined/USGS_1_n51w128_20130911.xml,2013-01-01,2021-11-30T23:19:04.549-07:00,2019-12-10T19:09:22.258-07:00,41146,1 x 1 degree,GeoTIFF,https://prd-tnm.s3.amazonaws.com/StagedProducts/Elevation/1/TIFF/historical/n51w128/USGS_1_n51w128_20130911.tif,,https://prd-tnm.s3.amazonaws.com/StagedProducts/Elevation/1/TIFF/historical/n51w128/USGS_1_n51w128_20130911.jpg,,,,,,This tile of the 3D Elevation Program (3DEP) seamless products is 1 arc-second resolution.  3DEP data serve as the elevation layer of The National Map and provide basic elevation information for Earth science studies and mapping applications in the United States. Scientists and resource managers use 3DEP data for global change research hydrologic modeling resource monitoring mapping and visualization and many other applications. 3DEP data compose an elevation dataset that consists of seamless layers and a high resolution layer.  Each of these layers consists of the best available raster elevation data of the conterminous United States Alaska Hawaii territorial islands Mexico and Canada.  3DEP data are updated continually as new data become available. Seamless 3DEP data are derived from diverse source data that are processed to a common coordinate system and unit of vertical measure. These data are distributed in geographic coordinates in units of decimal degrees and in conformance with the North American Datum of 1983 (NAD 83). All elevation values are in meters and over the conterminous United States are referenced to the North American Vertical Datum of 1988 (NAVD 88). The vertical reference will vary in other areas. Seamless 3DEP data are available nationally (except for Alaska) at resolutions of 1 arc-second (approximately 30 meters) and 1/3 arc-second (approximately 10 meters). In most of Alaska only lower resolution source data are available. As a result most seamless 3DEP data for Alaska are at 2 arc-second (approximately 60 meters) grid spacing. Part of Alaska is available at the 1 and 1/3 arc-second resolutions from interferometric synthetic aperture radar (ifsar) collections starting in 2010.  Plans are in place for collection of statewide ifsar in Alaska. All 3DEP products are public domain.,processingUrl,2021-12-01
USGS 1 arc-second n51w129 1 x 1 degree,This tile of the 3D Elevation Program (3DEP) seamless products is 1 arc-second resolution. 3DEP data serve as the elevation layer of The National Map and provide basic elevation information for Earth science studies and mapping applications in the United States. Scientists and resource managers use 3DEP data for global change research hydrologic modeling resource monitoring mapping and visualization and many other applications. 3DEP data compose an elevation dataset that consists of seamless layers and a high resolution layer. Each of these layers consists of the best available raster elevation data of the conterminous United States Alaska Hawaii territorial islands Mexico and Canada. 3DEP data are updated continually as new [...],5df04fd2e4b02caea0f5004d,ScienceBase,,gda,https://www.sciencebase.gov/catalog/item/5df04fd2e4b02caea0f5004d,https://thor-f5.er.usgs.gov/ngtoc/metadata/waf/elevation/1_arc-second/geotiff/undefined/USGS_1_n51w129_20130911.xml,2013-01-01,2021-11-30T23:19:08.821-07:00,2019-12-10T19:09:22.402-07:00,7183,1 x 1 degree,GeoTIFF,https://prd-tnm.s3.amazonaws.com/StagedProducts/Elevation/1/TIFF/historical/n51w129/USGS_1_n51w129_20130911.tif,,https://prd-tnm.s3.amazonaws.com/StagedProducts/Elevation/1/TIFF/historical/n51w129/USGS_1_n51w129_20130911.jpg,,,,,,This tile of the 3D Elevation Program (3DEP) seamless products is 1 arc-second resolution.  3DEP data serve as the elevation layer of The National Map and provide basic elevation information for Earth science studies and mapping applications in the United States. Scientists and resource managers use 3DEP data for global change research hydrologic modeling resource monitoring mapping and visualization and many other applications. 3DEP data compose an elevation dataset that consists of seamless layers and a high resolution layer.  Each of these layers consists of the best available raster elevation data of the conterminous United States Alaska Hawaii territorial islands Mexico and Canada.  3DEP data are updated continually as new data become available. Seamless 3DEP data are derived from diverse source data that are processed to a common coordinate system and unit of vertical measure. These data are distributed in geographic coordinates in units of decimal degrees and in conformance with the North American Datum of 1983 (NAD 83). All elevation values are in meters and over the conterminous United States are referenced to the North American Vertical Datum of 1988 (NAVD 88). The vertical reference will vary in other areas. Seamless 3DEP data are available nationally (except for Alaska) at resolutions of 1 arc-second (approximately 30 meters) and 1/3 arc-second (approximately 10 meters). In most of Alaska only lower resolution source data are available. As a result most seamless 3DEP data for Alaska are at 2 arc-second (approximately 60 meters) grid spacing. Part of Alaska is available at the 1 and 1/3 arc-second resolutions from interferometric synthetic aperture radar (ifsar) collections starting in 2010.  Plans are in place for collection of statewide ifsar in Alaska. All 3DEP products are public domain.,processingUrl,2021-12-01
USGS 1 arc-second n52w128 1 x 1 degree,This tile of the 3D Elevation Program (3DEP) seamless products is 1 arc-second resolution. 3DEP data serve as the elevation layer of The National Map and provide basic elevation information for Earth science studies and mapping applications in the United States. Scientists and resource managers use 3DEP data for global change research hydrologic modeling resource monitoring mapping and visualization and many other applications. 3DEP data compose an elevation dataset that consists of seamless layers and a high resolution layer. Each of these layers consists of the best available raster elevation data of the conterminous United States Alaska Hawaii territorial islands Mexico and Canada. 3DEP data are updated continually as new [...],5df04fe4e4b02caea0f500d7,ScienceBase,,gda,https://www.sciencebase.gov/catalog/item/5df04fe4e4b02caea0f500d7,https://thor-f5.er.usgs.gov/ngtoc/metadata/waf/elevation/1_arc-second/geotiff/undefined/USGS_1_n52w128_20130911.xml,2013-01-01,2021-11-30T23:07:29.571-07:00,2019-12-10T19:09:40.085-07:00,44490,1 x 1 degree,GeoTIFF,https://prd-tnm.s3.amazonaws.com/StagedProducts/Elevation/1/TIFF/historical/n52w128/USGS_1_n52w128_20130911.tif,,https://prd-tnm.s3.amazonaws.com/StagedProducts/Elevation/1/TIFF/historical/n52w128/USGS_1_n52w128_20130911.jpg,,,,,,This tile of the 3D Elevation Program (3DEP) seamless products is 1 arc-second resolution.  3DEP data serve as the elevation layer of The National Map and provide basic elevation information for Earth science studies and mapping applications in the United States. Scientists and resource managers use 3DEP data for global change research hydrologic modeling resource monitoring mapping and visualization and many other applications. 3DEP data compose an elevation dataset that consists of seamless layers and a high resolution layer.  Each of these layers consists of the best available raster elevation data of the conterminous United States Alaska Hawaii territorial islands Mexico and Canada.  3DEP data are updated continually as new data become available. Seamless 3DEP data are derived from diverse source data that are processed to a common coordinate system and unit of vertical measure. These data are distributed in geographic coordinates in units of decimal degrees and in conformance with the North American Datum of 1983 (NAD 83). All elevation values are in meters and over the conterminous United States are referenced to the North American Vertical Datum of 1988 (NAVD 88). The vertical reference will vary in other areas. Seamless 3DEP data are available nationally (except for Alaska) at resolutions of 1 arc-second (approximately 30 meters) and 1/3 arc-second (approximately 10 meters). In most of Alaska only lower resolution source data are available. As a result most seamless 3DEP data for Alaska are at 2 arc-second (approximately 60 meters) grid spacing. Part of Alaska is available at the 1 and 1/3 arc-second resolutions from interferometric synthetic aperture radar (ifsar) collections starting in 2010.  Plans are in place for collection of statewide ifsar in Alaska. All 3DEP products are public domain.,processingUrl,2021-12-01
USGS 1 arc-second n52w129 1 x 1 degree,This tile of the 3D Elevation Program (3DEP) seamless products is 1 arc-second resolution. 3DEP data serve as the elevation layer of The National Map and provide basic elevation information for Earth science studies and mapping applications in the United States. Scientists and resource managers use 3DEP data for global change research hydrologic modeling resource monitoring mapping and visualization and many other applications. 3DEP data compose an elevation dataset that consists of seamless layers and a high resolution layer. Each of these layers consists of the best available raster elevation data of the conterminous United States Alaska Hawaii territorial islands Mexico and Canada. 3DEP data are updated continually as new [...],5df04fe4e4b02caea0f500d9,ScienceBase,,gda,https://www.sciencebase.gov/catalog/item/5df04fe4e4b02caea0f500d9,https://thor-f5.er.usgs.gov/ngtoc/metadata/waf/elevation/1_arc-second/geotiff/undefined/USGS_1_n52w129_20130911.xml,2013-01-01,2021-11-30T23:07:37.632-07:00,2019-12-10T19:09:40.237-07:00,5596,1 x 1 degree,GeoTIFF,https://prd-tnm.s3.amazonaws.com/StagedProducts/Elevation/1/TIFF/historical/n52w129/USGS_1_n52w129_20130911.tif,,https://prd-tnm.s3.amazonaws.com/StagedProducts/Elevation/1/TIFF/historical/n52w129/USGS_1_n52w129_20130911.jpg,,,,,,This tile of the 3D Elevation Program (3DEP) seamless products is 1 arc-second resolution.  3DEP data serve as the elevation layer of The National Map and provide basic elevation information for Earth science studies and mapping applications in the United States. Scientists and resource managers use 3DEP data for global change research hydrologic modeling resource monitoring mapping and visualization and many other applications. 3DEP data compose an elevation dataset that consists of seamless layers and a high resolution layer.  Each of these layers consists of the best available raster elevation data of the conterminous United States Alaska Hawaii territorial islands Mexico and Canada.  3DEP data are updated continually as new data become available. Seamless 3DEP data are derived from diverse source data that are processed to a common coordinate system and unit of vertical measure. These data are distributed in geographic coordinates in units of decimal degrees and in conformance with the North American Datum of 1983 (NAD 83). All elevation values are in meters and over the conterminous United States are referenced to the North American Vertical Datum of 1988 (NAVD 88). The vertical reference will vary in other areas. Seamless 3DEP data are available nationally (except for Alaska) at resolutions of 1 arc-second (approximately 30 meters) and 1/3 arc-second (approximately 10 meters). In most of Alaska only lower resolution source data are available. As a result most seamless 3DEP data for Alaska are at 2 arc-second (approximately 60 meters) grid spacing. Part of Alaska is available at the 1 and 1/3 arc-second resolutions from interferometric synthetic aperture radar (ifsar) collections starting in 2010.  Plans are in place for collection of statewide ifsar in Alaska. All 3DEP products are public domain.,processingUrl,2021-12-01
